Metric,Estimate,CI_Lower,CI_Upper
Adequate Information,0.576233183856502,0.528770891679843,0.624161073825503
Critical Information,0.179372197309417,0.143506341168956,0.21727484671811
Median IF,1.483,1.159,1.734
Premature Conclusions,0.243738646997303,0.185833158362158,0.297155593580457
