"outcome_category","model","k","estimate","se","ci.lb","ci.ub","p","tau2","i2"
"function_score","year_slope_by_category_mean_diff",7,-0.0831373631376357,0.0376054606252883,-0.15684271158524,-0.00943201469003153,0.027051143822075,0,0
"other","year_slope_by_category_mean_diff",63,0.00148774718408332,0.00122895765738118,-0.000920965562908503,0.00389645993107515,0.226057778817278,2.21873581985692e-06,1.95443691376789
"pain","year_slope_by_category_mean_diff",33,0.0155496518618007,0.0116308387646154,-0.00724637322683787,0.0383456769504392,0.181244516264797,0.000634457923596222,18.6220884444636
"quality_of_life","year_slope_by_category_mean_diff",5,-0.0689072988293862,0.0797971421891826,-0.225306823589406,0.0874922259306333,0.387845632117612,0.010439975020183,33.5671936039421
"other","pre_indicator_by_category_mean_diff",26,-0.0467200440699341,0.0443790680568806,-0.133701419128872,0.0402613309890037,0.292455791033286,0,0
"pain","pre_indicator_by_category_mean_diff",15,-0.094973090863141,0.256643034478351,-0.597984195323781,0.408038013597499,0.711338454209284,3.52852564320962e-07,3.32708167037508e-05
