"outcome_category","n_analyses","prop_delta_i2_gt0","prop_abs_delta_i2_le_5","prop_abs_delta_i2_le_10","median_delta_i2","mean_delta_i2","prop_sig_change","prop_sign_flip"
"biomarker",3,0,0.666666666666667,0.666666666666667,0,-29.3705914272436,0,0
"function_score",4,0.75,0.75,0.75,2.97573529085459,4.36722100998833,0,0
"length_of_stay",2,1,1,1,1.07264853239083,1.07264853239083,0.5,0
"other",47,0.404255319148936,0.531914893617021,0.638297872340426,0,-6.75352806155695,0.106382978723404,0.0638297872340425
"pain",15,0.266666666666667,0.866666666666667,1,-2.00281761117817,-0.375221573102238,0.266666666666667,0
"quality_of_life",3,0.333333333333333,0.333333333333333,0.333333333333333,-58.2897431256483,-41.6791019181893,0,0.333333333333333
