"measure_group","slope","k","clusters","estimate","se","t","df","p","ci.lb","ci.ub","ratio","ratio_ci_lb","ratio_ci_ub","ratio_10y","ratio_10y_ci_lb","ratio_10y_ci_ub"
"log_ratio","slope_pre",1832,171,NA,0.00870632377356702,0.130874189294727,NA,NA,-0.0183073123552248,0.0205861784864308,NA,0.981859248511564,1.02079953541161,NA,NA,NA
"log_ratio","slope_year",4178,330,NA,0.00109538393164353,-0.350242247057819,NA,NA,-0.00257137922471827,0.00180407976549856,NA,NA,NA,NA,0.974613991775315,1.01820451589897
"mean_diff","slope_pre",46,12,NA,0.0820804009178038,0.312240790608367,NA,NA,-0.222744236621122,0.274001935173176,NA,NA,NA,NA,NA,NA
"mean_diff","slope_year",117,20,NA,0.000722610585707272,1.87833089066046,NA,NA,-0.000606963531014089,0.00332156710111852,NA,NA,NA,NA,NA,NA
