"term","pooled_estimate","pooled_se","tau2","k"
"bias_score",-0.013736562126157,0.0707688723932766,0.128952716997321,88
"intrcpt",-0.016312986396784,0.0192129713750482,0.126777377749107,457
"log_n_c",0.000299344421818651,0.00829000947862015,0.00980271773724987,446
"year_c",4.11549343876584e-05,7.77251292307881e-05,1.30776113595431e-08,443
