"outcome_type","tau2_reml"
"binary",0.262355451533586
"continuous",0.660671614421255
"giv",0.257926554252625
