"n","median","iqr","p90"
474,0.262776681431613,0.587782786418111,0.857637669613572
